Product,Category,Subcategory,Cost,Purchase Coefficent
Аджика Кухмастер 190г/12шт ст.б,Продукты,"Аджика, горчица",37.99,0.2
Аджика Пиканта 520г/12шт домашняя,Продукты,"Аджика, горчица",37.09,0.2
"Аджика по-домашнему 0,5л/24шт. Владам",Продукты,"Аджика, горчица",34.39,0.2
"Приправы, специи, кисель, какао",Продукты,"Супы, приправы, уксус",1.09,0.2
"Аджика, смесь специй 25г*25, пакет Магеллан",Продукты,"Супы, приправы, уксус",29.54,0.2
"Базилик 25г*20, пакет Магеллан",Продукты,"Супы, приправы, уксус",20.75,0.2
Бульон Грибной 100г*35шт №103,Продукты,"Супы, приправы, уксус",12.65,0.2
Бульон Куриный 100г*35шт №101,Продукты,"Супы, приправы, уксус",6.69,0.2
"Гвоздика целая 25г*25, пакет Магеллан",Продукты,"Супы, приправы, уксус",34.12,0.2
Горчичный порошок 100г*45шт. СПТ,Продукты,"Супы, приправы, уксус",16.28,0.2
Горчичный порошок 200г*35шт. СПТ,Продукты,"Супы, приправы, уксус",9.96,0.2
"Горчичный порошок 25г*25, пакет Магеллан",Продукты,"Супы, приправы, уксус",6.95,0.2
Дрожжи сухие Воронежские 500г/20шт,Продукты,"Супы, приправы, уксус",19.43,0.2
"Желатин 25г*25, пакет Магеллан",Продукты,"Супы, приправы, уксус",5.2,0.2
"Имбирь молотый 10г*25, пакет Магеллан",Продукты,"Супы, приправы, уксус",18.87,0.2
Какао-напиток Горячий шоколад 100гр/30шт,Продукты,"Супы, приправы, уксус",2.25,0.2
Какао-порошок 100г/50шт. ГОСТ /СПТ,Продукты,"Супы, приправы, уксус",10.49,0.2
Какао-порошок 100г/55шт ГОСТ т/уп. /СПТ/,Продукты,"Супы, приправы, уксус",37.41,0.2
"Карри, смесь специй 25г*25, пакет Магеллан",Продукты,"Супы, приправы, уксус",27.34,0.2
Кисель брикет 180г/30шт. в асс. /АльтаСпайс/,Продукты,"Супы, приправы, уксус",10.67,0.2
Кисель брикет 200г/32шт. в асс. /Регион Торг/,Продукты,"Супы, приправы, уксус",29.31,0.2
"Кориандр целый 25г*25, пакет Магеллан",Продукты,"Супы, приправы, уксус",36.18,0.2
"Корица молотая 25г*25, пакет Магеллан",Продукты,"Супы, приправы, уксус",8.47,0.2
Крахмал картоф. 180г-200гр.  1/25  Best FOODS,Продукты,"Супы, приправы, уксус",33.35,0.2
"Кунжут (семена очищ.) 25г*25, пакет Магеллан",Продукты,"Супы, приправы, уксус",0.74,0.2
Лавровый лист 10г*75 Витекс,Продукты,"Супы, приправы, уксус",8.43,0.2
Лавровый лист 10г*75 Русский аппетит,Продукты,"Супы, приправы, уксус",29.6,0.2
Лимонная кислота 10г/150шт. ПИК,Продукты,"Супы, приправы, уксус",31.24,0.2
Мак пищевой 100гр*45шт СПТ,Продукты,"Супы, приправы, уксус",19.69,0.2
"Маринад Костровок 0,29л/12 для мяса",Продукты,"Супы, приправы, уксус",11.04,0.2
"Маринад Костровок 0,29л/12 шашлычный по-кавказски",Продукты,"Супы, приправы, уксус",27.28,0.2
"Паприка кусочки 10г*25, пакет Магеллан",Продукты,"Супы, приправы, уксус",29.58,0.2
"Паприка молотая 25г*25, пакет Магеллан",Продукты,"Супы, приправы, уксус",8.98,0.2
"Перец горошек душистый 25г*25, пакет Магеллан",Продукты,"Супы, приправы, уксус",19.04,0.2
"Перец горошек черный 25г*25, пакет Магеллан",Продукты,"Супы, приправы, уксус",14.49,0.2
Перец молотый красный 10г*60,Продукты,"Супы, приправы, уксус",19.74,0.2
"Перец молотый красный 25г*25, пакет Магеллан",Продукты,"Супы, приправы, уксус",11.9,0.2
Перец молотый красный 50г*20 (шоу-бокс) Приправыч,Продукты,"Супы, приправы, уксус",23.22,0.2
Перец молотый черный 100 гр*50 СПТ,Продукты,"Супы, приправы, уксус",24.2,0.2
Перец молотый черный 10г*100 Приправыч,Продукты,"Супы, приправы, уксус",16.32,0.2
"Петрушка, зелень сушеная 10г*25, пакет Магеллан",Продукты,"Супы, приправы, уксус",30.95,0.2
Приправа Букет весенней зелени и овощей 60гр/20шт дой-пак Приправч,Продукты,"Супы, приправы, уксус",11.98,0.2
Приправа ВЕГЕТА 125г/25шт,Продукты,"Супы, приправы, уксус",7.25,0.2
"Приправа для гуляша 25г*25, пакет Магеллан",Продукты,"Супы, приправы, уксус",2.66,0.2
"Приправа для жарки мяса 25г*25, пакет Магеллан",Продукты,"Супы, приправы, уксус",24.56,0.2
Приправа для жаркого 15гр/105шт. Приправыч,Продукты,"Супы, приправы, уксус",31.31,0.2
"Приправа для кор.моркови 25г*25, пакет Магеллан",Продукты,"Супы, приправы, уксус",11.77,0.2
"Приправа для пельменей 25г*25, пакет Магеллан",Продукты,"Супы, приправы, уксус",31.7,0.2
"Приправа для плова 25г*25, пакет Магеллан",Продукты,"Супы, приправы, уксус",38.27,0.2
"Приправа для рыбы 25г*25, пакет Магеллан",Продукты,"Супы, приправы, уксус",21.52,0.2
"Приправа для шашлыка 50г*25, пакет Магеллан",Продукты,"Супы, приправы, уксус",36.44,0.2
"Приправа Золотая курочка 50г*20, пакет Магеллан",Продукты,"Супы, приправы, уксус",24.56,0.2
Приправа Универсальная 100 блюд 60г/20 Приправыч,Продукты,"Супы, приправы, уксус",1.41,0.2
Приправа Универсальная 12овощей и трав 200г/20 Приправыч,Продукты,"Супы, приправы, уксус",1.41,0.2
Сухари панировочные 200г/50шт,Продукты,"Супы, приправы, уксус",33.7,0.2
Сухари панировочные Пикантные 200г/25шт Приправыч,Продукты,"Супы, приправы, уксус",33.45,0.2
"Укроп, зелень сушеная 10г*25, пакет Магеллан",Продукты,"Супы, приправы, уксус",5.24,0.2
"Укроп, зелень сушеная 7г*100 Приправыч",Продукты,"Супы, приправы, уксус",22.14,0.2
"Хмели-сунели 25г*25, пакет Магеллан",Продукты,"Супы, приправы, уксус",13.04,0.2
"Чеснок сушеный кусочки 10г*25, пакет Магеллан",Продукты,"Супы, приправы, уксус",39.08,0.2
Чеснок сушеный молотый 10г/160 Приправыч,Продукты,"Супы, приправы, уксус",35.83,0.2
"Уксус Винный белого вина 0,5л/12шт. /Ижевск/",Продукты,"Супы, приправы, уксус",16.6,0.2
Уксус столовый 9% 500г/12шт Ижевск,Продукты,"Супы, приправы, уксус",28.83,0.2
Уксус Яблочный 6% 500г/20шт. Дмитриевский Химзавод,Продукты,"Супы, приправы, уксус",25.05,0.2
Уксусная кислота 70% 180г/24шт. стекло,Продукты,"Супы, приправы, уксус",24.33,0.2
Уксусная кислота 70% 180г/35 ст.б. Дмитриевский Химзавод,Продукты,"Супы, приправы, уксус",30.74,0.2
БП Биг Ланч 90г/24шт. ст. в ассорт.,Продукты,"Супы, приправы, уксус",24.78,0.2
БП Доширак 90г/24шт. в ассорт.,Продукты,"Супы, приправы, уксус",11.97,0.2
БП Карт.пюре Роллтон 240г/20шт. в ассорт.,Продукты,"Супы, приправы, уксус",20.18,0.2
БП Ням-Нямыч 90г/24шт. в ассорт.,Продукты,"Супы, приправы, уксус",1.09,0.2
БП РОЛЛТОН БУЛЬОН Домашний 100г/24*4,Продукты,"Супы, приправы, уксус",11.4,0.2
БП РОЛЛТОН вермишель 60г/42шт. БРИКЕТ в ассорт.,Продукты,"Супы, приправы, уксус",27.41,0.2
БП Суп Приправыч 60г/30шт. Гороховый,Продукты,"Супы, приправы, уксус",30.41,0.2
БП Суп Приправыч 70г/30 Гуляш по-венгерски,Продукты,"Супы, приправы, уксус",3.25,0.2
Сода пищевая 500г/24,Продукты,"Супы, приправы, уксус",25.36,0.2
Ассорти грибное ЗД 500мл/12шт.,Продукты,Консервация,29.01,0.2
Ассорти д.Ваня (ог.+пом.) 1800гр/6шт с/б,Продукты,Консервация,6.3,0.2
Ассорти д.Ваня (ог.+помид.) 680г/8шт,Продукты,Консервация,30.9,0.2
Ассорти Домат 1800г/6шт.,Продукты,Консервация,58.71,0.2
Ветчина Балтийская из птицы ТУ 325г/6шт. ОВА Соверен,Продукты,Мясо,35.24,0.5
Говядина туш. 325г/18шт. ГОСТ в/с Йошкар-Ола,Продукты,Мясо,210.14,0.5
Говядина туш. 325г/36шт. /Йошкар-Ола/ Госрезерв,Продукты,Мясо,62.64,0.5
Говядина туш. 325г/36шт. ГОСТ в/с ключ /Войсковой спецрезерв/,Продукты,Мясо,246.71,0.5
Говядина туш. 325г/36шт. ГОСТ в/с /Лужск/,Продукты,Мясо,153.9,0.5
Говядина туш. 325г/36шт. ГОСТ в/с ОВА Полесск,Продукты,Мясо,205.16,0.5
Говядина туш. 325г/36шт. ГОСТ в/с Соверен Полесск,Продукты,Мясо,90.08,0.5
Говядина туш. 325г/36шт. Сохр.трад. /Калининград/,Продукты,Мясо,217.71,0.5
Говядина туш. 338г/12шт. в/с ж/б /СКЗ/,Продукты,Мясо,264.66,0.5
Говядина туш. 338г/15шт. в/с /Курган/ ОРАНЖ,Продукты,Мясо,169.66,0.5
Говядина туш. 338г/30шт. ГОСТ /Бурятия/,Продукты,Мясо,175.81,0.5
Говядина туш. 338г/45шт. /Орск/ Госрезерв 2017,Продукты,Мясо,264.88,0.5
Говядина туш. 338г/45шт. ГОСТ в/с /Орск/,Продукты,Мясо,147,0.5
Говядина туш. 338г/45шт. ГОСТ в/с /Пашский/,Продукты,Мясо,220.71,0.5
Говядина туш. 338г/45шт. ГОСТ в/с Любимый Дом /БМП,Продукты,Мясо,292.53,0.5
Говядина туш. 340г/15шт. оранж.б./Курган/,Продукты,Мясо,114.9,0.5
Говядина туш. 500г/12шт. ГОСТ Потанино с/б МПК Пашский,Продукты,Мясо,98.27,0.5
Говядина туш. 500г/12шт. ГОСТ ст/б Курган,Продукты,Мясо,39.14,0.5
Конина туш. 338г/30шт. ГОСТ /Рузком/,Продукты,Мясо,276.69,0.5
Свинина туш. 290г/15шт. /Курган/Пригожино/,Продукты,Мясо,104.95,0.5
Свинина туш. 325г/18шт. ГОСТ /Йошкар-Ола/,Продукты,Мясо,31.64,0.5
Свинина туш. 325г/24шт. кусковая СБ ж/б №8 /ГП/,Продукты,Мясо,234.81,0.5
Свинина туш. 325г/36шт. ГОСТ в/с ключ /Войсковой спецрезерв/,Продукты,Мясо,31.24,0.5
Свинина туш. 325г/36шт. ГОСТ ОВА /Полесск/,Продукты,Мясо,106.55,0.5
Свинина туш. 338г/45шт. ГОСТ /Орск/,Продукты,Мясо,294.33,0.5
Свинина туш. 338г/45шт. ГОСТ в/с /Орск/,Продукты,Мясо,141.48,0.5
Свинина туш. 338г/15шт. ГОСТ Любимый Дом литогр./ БПМ,Продукты,Мясо,0.36,0.5
Свинина туш. 500г/12шт. ГОСТ Потанино с/б МПК Пашский,Продукты,Мясо,246.81,0.5
Грибы Опята Золото Глобуса 314мл/12шт,Продукты,Грибы,242.2,0.1
Грибы Шампиньоны Зол.Долина целые 450мл/12шт,Продукты,Грибы,100.3,0.1
Зел.горошек Sler 400гр/12шт. 1с ГОСТ,Продукты,Зел.горошек,41.07,0.3
Зел.горошек Барко 500г/12шт с/б,Продукты,Зел.горошек,36.04,0.3
Зел.горошек Бондюэль 400г/3шт*бл.,Продукты,Зел.горошек,53.55,0.3
Зел.горошек Бондюэль 425г/6шт мультипак 1+1,Продукты,Зел.горошек,47.46,0.3
Зел.горошек Домат 420гр/12шт.,Продукты,Зел.горошек,26.68,0.3
Зел.горошек Дядя Ваня 400гр/12шт.,Продукты,Зел.горошек,12.47,0.3
Зел.горошек Карнавал 400г/24шт салатный,Продукты,Зел.горошек,38.45,0.3
Зел.горошек Натур Браво 425гр/24шт. ГОСТ,Продукты,Зел.горошек,38.3,0.3
Зел.горошек Овощ в помощь 310гр/15шт. ГОСТ,Продукты,Зел.горошек,10.08,0.3
Зел.горошек Овощ в помощь 420гр/15шт. ГОСТ,Продукты,Зел.горошек,2.24,0.3
Зел.горошек СКЗ 360г/12шт в/с ж/б,Продукты,Зел.горошек,14.56,0.3
Зел.горошек СКЗ 360г/30шт в/с ж/б,Продукты,Зел.горошек,50.44,0.3
Зел.горошек СКЗ 500г/12шт в/с ст/б,Продукты,Зел.горошек,26.09,0.3
Зел.горошек Фрау Марта 310г/15шт.,Продукты,Зел.горошек,7.65,0.3
Икра Кабачковая 510г/8шт. Домат,Продукты,Икра,239.82,0.1
Икра Кабачковая 520г/12шт. Пиканта,Продукты,Икра,331.45,0.1
Горох с говядиной 325г/24шт РУЗКОМ,Продукты,Каши,48.92,0.3
Горох с копченостями 325г/24шт РУЗКОМ,Продукты,Каши,26.5,0.3
Каша Гречневая с говядиной 340г/45шт Консервлэнд,Продукты,Каши,41.39,0.3
Каша Гречневая с говядиной Мясушко 338г/30шт РУЗКОМ,Продукты,Каши,47.52,0.3
Каша Перловая с говядиной 325г/24шт №8 От Иваныча,Продукты,Каши,37.5,0.3
Каша Перловая с говядиной особая 290г/15шт. Курган,Продукты,Каши,57.33,0.3
Каша Рисовая с говядиной  340г/30 Мясной Союз,Продукты,Каши,17.87,0.3
Каша Рисовая с говядиной 340г/45шт. Консервлэнд,Продукты,Каши,36.03,0.3
Плов с говядиной 290г/15шт Пригожино,Продукты,Каши,7.96,0.3
Плов с говядиной Узбекский 325г/24шт РУЗКОМ,Продукты,Каши,61.82,0.3
Абрикосы Карнавал 500мл/12шт. ст/б,Продукты,"Компоты, повидло, джемы, варенье",16.45,0.1
Абрикосы половинки 580мл/12шт. Золотая Долина,Продукты,"Компоты, повидло, джемы, варенье",17.05,0.1
Ананас колечки Золотая Долина 580мл/24шт,Продукты,"Компоты, повидло, джемы, варенье",47.01,0.1
Ананас колечки Золотая Долина 850мл/12шт,Продукты,"Компоты, повидло, джемы, варенье",18.69,0.1
Ананас кусочки Богатое Застолье 850мл/24шт.,Продукты,"Компоты, повидло, джемы, варенье",49.55,0.1
Ананас кусочки Консервлэнд 580мл/24шт.,Продукты,"Компоты, повидло, джемы, варенье",14.58,0.1
Ананас кусочки Луговица 850мл/24шт.,Продукты,"Компоты, повидло, джемы, варенье",35.23,0.1
Ассорти фруктовое Золотая Долина 580г/12шт.,Продукты,"Компоты, повидло, джемы, варенье",38.05,0.1
Джем Домат 320г/15 шт. с/б твист в асс.,Продукты,"Компоты, повидло, джемы, варенье",18.93,0.1
Джем Махеевъ 300г/30шт. дой/пак с доз. абрикосовый,Продукты,"Компоты, повидло, джемы, варенье",36.89,0.1
Джем Махеевъ 300г/30шт. дой/пак с доз. малиновый,Продукты,"Компоты, повидло, джемы, варенье",30.2,0.1
Джем Махеевъ 400г/10шт. дой/пак стакан апельсиновый,Продукты,"Компоты, повидло, джемы, варенье",26.66,0.1
Клубника ЗД 580мл/12шт. ст/б,Продукты,"Компоты, повидло, джемы, варенье",0.11,0.1
"Повидло 1кг/6шт. ведро, ГОСТ в ассорт. /Тульский продукт/",Продукты,"Компоты, повидло, джемы, варенье",43.96,0.1
"Повидло 2,5кг/4шт",Продукты,"Компоты, повидло, джемы, варенье",31.85,0.1
Кукуруза Бондюэль 170г/12шт,Продукты,"Кукуруза, фасоль",26.76,0.3
Кукуруза Бондюэль 212г/12шт,Продукты,"Кукуруза, фасоль",36.83,0.3
Кукуруза Бондюэль 340г/12шт,Продукты,"Кукуруза, фасоль",37.08,0.3
Кукуруза Бондюэль 425г/6шт мультипак 1+1,Продукты,"Кукуруза, фасоль",14.89,0.3
Кукуруза Домашние разносолы 425г/12шт ж/б,Продукты,"Кукуруза, фасоль",3.58,0.3
Кукуруза Золотая Долина 425г/24шт,Продукты,"Кукуруза, фасоль",31.11,0.3
Кукуруза Золотой Выбор 425г/12шт,Продукты,"Кукуруза, фасоль",40.73,0.3
Кукуруза Натур Браво 425мл/24шт,Продукты,"Кукуруза, фасоль",25.21,0.3
Кукуруза Съестной запас 425г/24шт. ж/б Москва,Продукты,"Кукуруза, фасоль",37.52,0.3
Кукуруза Трапеза 425г/12шт.,Продукты,"Кукуруза, фасоль",7.98,0.3
Кукуруза Фрау Марта 310г/15шт.,Продукты,"Кукуруза, фасоль",40.97,0.3
Фасоль Баба Маня белая в т/с 400мл/12шт. ж/б,Продукты,"Кукуруза, фасоль",28.75,0.3
Фасоль Баба Маня красная в т/с 425г/12шт. ж/б,Продукты,"Кукуруза, фасоль",6.87,0.3
Фасоль Баба Маня красная в т/с 425г/24шт. ж/б,Продукты,"Кукуруза, фасоль",12.81,0.3
Фасоль Бондюэль в т/с 425г/12шт. ж/б,Продукты,"Кукуруза, фасоль",22.15,0.3
Фасоль Домат красная в т/с 400г/12шт.,Продукты,"Кукуруза, фасоль",26.95,0.3
Фасоль Ов.Сказка в с/с 310г/15шт.,Продукты,"Кукуруза, фасоль",14.13,0.3
Фасоль с говядиной 325г/24шт. РУЗКОМ Лыткарино,Продукты,"Кукуруза, фасоль",48.11,0.3
Фасоль с копченостями 325г/24шт. РУЗКОМ Лыткарино,Продукты,"Кукуруза, фасоль",29.62,0.3
Фасоль Сhipollino белая в т/с 360г/12шт. ж/б,Продукты,"Кукуруза, фасоль",18.82,0.3
Фасоль СКЗ белая нат. 425г/12шт,Продукты,"Кукуруза, фасоль",45.16,0.3
Фасоль Ты и Я белая в с/с 425мл/24шт. ж/б,Продукты,"Кукуруза, фасоль",11.23,0.3
Мясо гуся туш. в с/с 325г/36шт.,Продукты,Птица,255.98,0.7
Мясо индейки туш. 325г/36шт. /Калининград/,Продукты,Птица,89.65,0.7
Мясо уток туш. в с/с 325г/36шт. ГОСТ /Калининград/,Продукты,Птица,264.15,0.7
Мясо цыпленка туш. в с/с 300г/36шт.ГОСТ КТК Сохранили традиции,Продукты,Птица,53.93,0.7
Мясо цыпленка туш. в с/с 325г/36шт.,Продукты,Птица,50.84,0.7
"Молоко сгущеное БУТЫЛЬ 0,5л/12шт 8,5% /Азовское/",Продукты,Молоко сгущ.,8.52,0.2
"Молоко сгущеное БУТЫЛЬ 0,5л/15шт /СКЗ/ ГОСТ ПЭТ",Продукты,Молоко сгущ.,64.63,0.2
"Молоко сгущеное БУТЫЛЬ 1,3л/8шт /СКЗ/ ГОСТ ПЭТ",Продукты,Молоко сгущ.,78.92,0.2
"Молоко сгущеное БУТЫЛЬ 1л/15шт 8,5% ГОСТ Тяжин",Продукты,Молоко сгущ.,66.84,0.2
Молоко сгущеное БУТЫЛЬ 1л/8шт /СКЗ/ ГОСТ ПЭТ,Продукты,Молоко сгущ.,16.49,0.2
Молоко сгущеное вар. Варенка 340г/45шт. Тяжин,Продукты,Молоко сгущ.,15.1,0.2
Молоко сгущеное вар. Варенка 340г/45шт.ГОСТ Тяжин,Продукты,Молоко сгущ.,47.33,0.2
"Молоко сгущеное ГОСТ 380г/24шт. Гагаринское 8,5%",Продукты,Молоко сгущ.,0.17,0.2
Молоко сгущеное СКЗ 100г/14шт ГОСТ дой-пак,Продукты,Молоко сгущ.,65.84,0.2
Молоко сгущеное СКЗ 270г/36шт ГОСТ дой-пак,Продукты,Молоко сгущ.,55.86,0.2
Молоко сгущеное СКЗ 380г/12шт. ГОСТ ж/б,Продукты,Молоко сгущ.,63.59,0.2
Молоко сгущеное СКЗ Сгущенка 300г/36шт ТУ дой-пак,Продукты,Молоко сгущ.,28.19,0.2
Молоко сгущеное СКЗ Сгущенка 380г/12шт ТУ ж/б №4,Продукты,Молоко сгущ.,43.32,0.2
"Молоко сгущеное Тяжин ГОСТ 10,5% 260г/32шт дой-пак",Продукты,Молоко сгущ.,75.65,0.2
"Молоко сгущеное Тяжин ГОСТ 10,5% 360г/45шт",Продукты,Молоко сгущ.,66.46,0.2
"Молоко сгущеное Тяжин ГОСТ 8,5% 260г/32шт дой-пак",Продукты,Молоко сгущ.,28.29,0.2
"Молоко сгущеное Тяжин ГОСТ 8,5% 360г/45шт",Продукты,Молоко сгущ.,46.31,0.2
Огурцы конс. 3л/4шт. с зеленью на лимонной кислоте,Продукты,Огурцы,34.92,0.4
Огурцы конс. Домат 720г/8шт. ст./б 6-9см с зеленью,Продукты,Огурцы,51.37,0.4
Огурцы марин. ЗД 720мл/12шт. с хреном,Продукты,Огурцы,30.95,0.4
Огурцы марин. ЗД Корнишоны 500мл/12 с луком,Продукты,Огурцы,26.52,0.4
Огурцы марин. ЗД Корнишоны 500мл/12 с перцем,Продукты,Огурцы,64.68,0.4
Огурцы марин. ЗД Корнишоны 500мл/12 с хреном,Продукты,Огурцы,32.15,0.4
Огурцы марин. ЗД Корнишоны 500мл/12 с чесноком,Продукты,Огурцы,12.16,0.4
Огурцы марин.Дядя Ваня 680г/8шт. Восточные,Продукты,Огурцы,37.43,0.4
Огурцы марин.Дядя Ваня 680г/8шт. По-Берлински,Продукты,Огурцы,81.9,0.4
Огурцы марин.Золото Глобуса 720мл/12шт. 6-9см,Продукты,Огурцы,64.44,0.4
Огурцы марин.Луговица 720г/8шт.,Продукты,Огурцы,89.43,0.4
Огурцы марин.Росанна 670мл/8шт. 6-9см,Продукты,Огурцы,41.61,0.4
Маслины Сенорита с/к 280г/24шт,Продукты,"Оливки, маслины",50.71,0.1
Оливки Оlive Fan б/к 170г/12шт. д/пак /Испания,Продукты,"Оливки, маслины",11.65,0.1
Оливки Прошу к столу б/к 280г/12шт.,Продукты,"Оливки, маслины",40.1,0.1
Оливки Слер б/к 280г/12шт.,Продукты,"Оливки, маслины",13.51,0.1
Паштет печеночный 150г /Атяшево/,Продукты,Паштеты,18.44,0.2
Паштет Хаме 250г/8шт. в асс.,Продукты,Паштеты,36.8,0.2
Паштет Хаме 75г/36шт. гус.печень,Продукты,Паштеты,18.14,0.2
Бычки ж/б т/с обжаренные 240г/48шт. 5 Морей,Продукты,Рыба,193.81,0.4
Бычки ж/б т/с обжаренные 240г/48шт. Маяк,Продукты,Рыба,178.31,0.4
Горбуша ж/б нат. 245г/48шт. Южный Сахалин Госрезерв,Продукты,Рыба,54.1,0.4
Горбуша ж/б т/с 250г/48шт. РРМ,Продукты,Рыба,96.15,0.4
"Кальмар ж/б нат. 185г/32шт. ГОСТ, ключ, За Родину",Продукты,Рыба,61.46,0.4
Килька ж/б т/с 230г/48шт. №6 ГОСТ Флотская черноморская,Продукты,Рыба,28.85,0.4
Килька ж/б т/с 230г/48шт. ключ /За Родину/,Продукты,Рыба,199.22,0.4
Килька ж/б т/с 240г/48шт. Волна,Продукты,Рыба,152.32,0.4
Килька ж/б т/с 240г/48шт. ГОСТ /Темрюк/,Продукты,Рыба,169.02,0.4
Килька ж/б т/с 240г/48шт. Консервлэнд,Продукты,Рыба,55.85,0.4
Килька ж/б т/с 240г/48шт. обжарен.,Продукты,Рыба,170.37,0.4
Корюшка ж/б т/с 230г/48шт. Хозяин Балтики,Продукты,Рыба,157.28,0.4
Печень трески ж/б 240г/24шт. по-мурмански Мор.Котик,Продукты,Рыба,61.9,0.4
Сайра ж/б НДМ 250г/48шт. Новосибирск,Продукты,Рыба,188.24,0.4
Сардина ж/б НДМ 250г/48шт. Госрезерв Роскон/Калининград,Продукты,Рыба,4.73,0.4
Сардина ж/б НДМ 250г/48шт. Рыбпромпродукт,Продукты,Рыба,156.64,0.4
Сардинелла ж/б НДМ 250г/48шт. Калининград,Продукты,Рыба,154.66,0.4
Сардинелла ж/б НДМ 250г/48шт. Рыбпромпродукт,Продукты,Рыба,184.91,0.4
Сельдь ж/б нат. 250г/48шт. №6 Южморрыбфлот,Продукты,Рыба,29.47,0.4
Скумбрия ж/б НДМ 245г/48шт. Доброфлот,Продукты,Рыба,120.02,0.4
Скумбрия ж/б НДМ 250г/48шт. Рыбпромпродукт,Продукты,Рыба,63.05,0.4
Скумбрия ж/б т/с 250г/48шт. Морская Держава,Продукты,Рыба,13.4,0.4
Скумбрия ж/б т/с с ов/гарн. 185г/32шт. ключ За Родину /Калининград,Продукты,Рыба,173.48,0.4
Скумбрия ж/б т/с с овощами 250г/48шт. Морская Держава,Продукты,Рыба,0.44,0.4
Тунец ж/б нат. 140г/24шт. ключ Пищевик,Продукты,Рыба,132.51,0.4
Шпротный паштет ж/б 160г/72шт. Хозяин Балтики,Продукты,Рыба,194.26,0.4
Шпроты ж/б в/м 160г/72шт. За Родину,Продукты,Рыба,43.06,0.4
Шпроты ж/б в/м 160г/72шт. Комп.Консервы,Продукты,Рыба,179.65,0.4
Шпроты ж/б в/м 160г/72шт. РыбиновичЪ,Продукты,Рыба,164.19,0.4
Шпроты ж/б в/м ключ 160г/72шт. За Родину,Продукты,Рыба,145.67,0.4
Лечо Сhipollino 720г/8шт.,Продукты,"Салаты, закуски",2.51,0.2
Салаты из морской капусты,Продукты,"Салаты, закуски",13.67,0.2
Салат М/К 220гр/48 Меркурий,Продукты,"Салаты, закуски",43.56,0.2
Капуста квашеная с морковью 1/3кг.ведро,Продукты,"Салаты, закуски",63.72,0.2
Капуста соломкой по-корейски  Д.ведро 1/1кг,Продукты,"Салаты, закуски",28.63,0.2
Капуста соломкой по-корейски 200гр. 1/12,Продукты,"Салаты, закуски",65.78,0.2
Морковь по-корейски 1/3кг. ведро,Продукты,"Салаты, закуски",94.86,0.2
Морковь по-корейски 200гр.,Продукты,"Салаты, закуски",12.77,0.2
Морковь по-корейски Д.(ведро) 1/1кг,Продукты,"Салаты, закуски",46.3,0.2
"Спаржа с морков. по-корейски 1,8кг.ведро",Продукты,"Салаты, закуски",12.36,0.2
"Фунчоза по-корейски 1,8кг.ведро",Продукты,"Салаты, закуски",97.81,0.2
Фунчоза по-корейски 200гр.,Продукты,"Салаты, закуски",96.57,0.2
Суп Борщ св/кап. Домат 510г/8шт. Россия,Продукты,"Суп, голубцы",12.21,0
Суп Гороховый 510г/8шт. Домат,Продукты,"Суп, голубцы",24.52,0
Суп Рассольник 510г/8шт. Домат,Продукты,"Суп, голубцы",37.8,0
Суп Солянка овощно-грибная 450г/12шт. Консерватория Вкуса,Продукты,"Суп, голубцы",66.23,0
Суп Щи св/кап. 510г/8шт. ст/б Домат,Продукты,"Суп, голубцы",11.91,0
Кетчуп Махеевъ 260г/30шт. в ассорт. дой-пак с доз.,Продукты,"Томатная паста, кетчупы, соусы",45.04,0.3
Томатная паста Астраханка 25% 250мл/12шт. с/б твист,Продукты,"Томатная паста, кетчупы, соусы",3.48,0.3
Томатная паста Астраханка 25% 500мл/8шт.,Продукты,"Томатная паста, кетчупы, соусы",70.32,0.3
Томатная паста Иранская 28% 300г/24 с/б Р-на-Дону,Продукты,"Томатная паста, кетчупы, соусы",37.24,0.3
"Томатная паста Кухмастер 1,0кг/6шт.",Продукты,"Томатная паста, кетчупы, соусы",47.86,0.3
Томатная паста Кухмастер 270г/12шт.,Продукты,"Томатная паста, кетчупы, соусы",37.54,0.3
Томатная паста Кухмастер 360г/12шт.,Продукты,"Томатная паста, кетчупы, соусы",18.06,0.3
Томатная паста Кухмастер 480г/8шт.,Продукты,"Томатная паста, кетчупы, соусы",25.65,0.3
Томатная паста Кухмастер 750г/6шт.,Продукты,"Томатная паста, кетчупы, соусы",26.81,0.3
Томатная паста Помидорка 140г/50шт. ж/б,Продукты,"Томатная паста, кетчупы, соусы",49.16,0.3
"Томатная паста Помидорка 2200г/6шт. 28-30%, ж/б",Продукты,"Томатная паста, кетчупы, соусы",10.1,0.3
Томаты конс. Россана 670гр/8,Продукты,Томаты,82.54,0.4
Томаты марин.Булгарконсерв 680гр/12,Продукты,Томаты,60.51,0.4
Томаты марин.Черри Булгарконсерв 680мл/12 ст/б,Продукты,Томаты,87.91,0.4
Томаты марин.Черри Грин Рэй 370мл/10 ст/б,Продукты,Томаты,87.3,0.4
Томаты марин.Черри Деко 670мл/8 на лим.кислоте,Продукты,Томаты,71.02,0.4
Томаты марин.Черри Реан Техада 720мл/8 твист,Продукты,Томаты,81.04,0.4
Томаты марин.Черри Скат.самобр.Премиум 370мл/12,Продукты,Томаты,7.98,0.4
ГЕРКУЛЕС 400г/14шт. КрупЕк,Продукты,"Крупа, сахар, мука",7.43,0.8
ГЕРКУЛЕС 400г/28шт. КрупЕк,Продукты,"Крупа, сахар, мука",28.52,0.8
ГЕРКУЛЕС 450г/12шт. Националь,Продукты,"Крупа, сахар, мука",20.35,0.8
ГОРОХ 800г/12шт. Алтайская сказка,Продукты,"Крупа, сахар, мука",22.16,0.8
ГОРОХ колотый 800г/10шт.,Продукты,"Крупа, сахар, мука",12.2,0.8
ГОРОХ колотый 800г/12шт. Алтайская сказка,Продукты,"Крупа, сахар, мука",6.38,0.8
ГРЕЧА 5*80г/14шт Увелка №941,Продукты,"Крупа, сахар, мука",12.59,0.8
ГРЕЧА 750г/14шт. КрупЕк,Продукты,"Крупа, сахар, мука",9.35,0.8
ГРЕЧА 800г/12шт. ЭКСТРА Алтайская сказка,Продукты,"Крупа, сахар, мука",6.71,0.8
ПШЕНИЧНАЯ 600г/26шт. КрупЕк,Продукты,"Крупа, сахар, мука",21.83,0.8
ПШЕНО 5*80г/14шт Увелка №941,Продукты,"Крупа, сахар, мука",23.81,0.8
РИС Золотистый 900г/12шт. Националь,Продукты,"Крупа, сахар, мука",14.99,0.8
РИС Отборный 1500г/6шт. Националь,Продукты,"Крупа, сахар, мука",27.63,0.8
Хлопья 5злаков б/п 400г/12шт Алтайская сказка,Продукты,"Крупа, сахар, мука",19.28,0.8
ЯЧНЕВАЯ 600г/10шт. Строгановская Бакалея,Продукты,"Крупа, сахар, мука",16.35,0.8
Мука АЛТАЙ фасов. 1кг/5,Продукты,"Крупа, сахар, мука",26.29,0.8
Мука Белый Терем 40кг (5кг/8шт) ГОСТ,Продукты,"Крупа, сахар, мука",19.14,0.8
Соль фас. 1кг*40 1помол,Продукты,"Крупа, сахар, мука",1.77,0.8
ГЕРКУЛЕС 1/3кг КрупЕк,Продукты,"Крупа, сахар, мука",1.44,0.8
ГОРОХ колотый 1/5кг,Продукты,"Крупа, сахар, мука",11.07,0.8
ГРЕЧА 1/5кг,Продукты,"Крупа, сахар, мука",18.48,0.8
МАННАЯ 1/5кг,Продукты,"Крупа, сахар, мука",9.18,0.8
МАННАЯ 1/5кг Строгиновская Бакалея,Продукты,"Крупа, сахар, мука",14.33,0.8
ПЕРЛОВАЯ 1/50кг,Продукты,"Крупа, сахар, мука",10.37,0.8
ПЕРЛОВАЯ 1/5кг,Продукты,"Крупа, сахар, мука",20.64,0.8
ПШЕНО 1/5кг,Продукты,"Крупа, сахар, мука",29.62,0.8
ПШЕНО 1/5кг Строгиновская Бакалея,Продукты,"Крупа, сахар, мука",2.88,0.8
РИС длинный Алмазный 1/5кг КрупЕк,Продукты,"Крупа, сахар, мука",28.84,0.8
РИС длинозерный 1/25кг,Продукты,"Крупа, сахар, мука",6.02,0.8
РИС круглый 1/25кг Краснодар,Продукты,"Крупа, сахар, мука",28.51,0.8
РИС круглый 1/5кг,Продукты,"Крупа, сахар, мука",18.38,0.8
ЯЧНЕВАЯ 1/4кг прозр.пакет,Продукты,"Крупа, сахар, мука",9.77,0.8
"Мак.изд. АЛТАЙСКАЯ СКАЗКА 400г/20, пл. рожки",Продукты,Макароны,11.86,0.5
"Мак.изд. АЛТАЙСКАЯ СКАЗКА 400г/20, пл. спираль",Продукты,Макароны,2.76,0.5
Мак.изд. АЛТАЙСКАЯ СКАЗКА 5кг/4 гребешки,Продукты,Макароны,25.03,0.5
"Мак.изд. АЛТАЙСКАЯ СКАЗКА 5кг/6, перья",Продукты,Макароны,26.43,0.5
"Мак.изд. АЛТАЙСКАЯ СКАЗКА 5кг/6, рожки",Продукты,Макароны,14.52,0.5
"Мак.изд. МАКФА 400г/20, пл. вермишель дл.ориг.",Продукты,Макароны,8.99,0.5
"Мак.изд. МАКФА 400г/20, пл. спиральки-Экспресс",Продукты,Макароны,21.51,0.5
"Мак.изд. МАКФА 450г/20, пл. вермишель",Продукты,Макароны,2.21,0.5
Мак.изд. МЕЛЬНИК 5кг*7шт вермишель любительская,Продукты,Макароны,11.5,0.5
Мак.изд. Союзпищепром 1/16кг Перья,Продукты,Макароны,14.74,0.5
Мак.изд. Союзпищепром 1/16кг Спиралька,Продукты,Макароны,7.34,0.5
Мак.изд. Союзпищепром 1/5кг Виток,Продукты,Макароны,4.23,0.5
Мак.изд. Союзпищепром 1/5кг Ракушка,Продукты,Макароны,25.35,0.5
Мак.изд. Союзпищепром 1/5кг Ригатоны,Продукты,Макароны,4.55,0.5
Мак.изд. Союзпищепром 400г/12 гр.В в/с паутинка,Продукты,Макароны,16.82,0.5
Мак.изд. Союзпищепром 400г/12 гр.В в/с перья,Продукты,Макароны,11.66,0.5
Мак.изд. Союзпищепром 400г/12 гр.В в/с ракушка,Продукты,Макароны,21.08,0.5
Мак.изд. Союзпищепром 400г/12 гр.В в/с рожки,Продукты,Макароны,22.9,0.5
Мак.изд. Союзпищепром 400г/12 гр.В в/с спиралька,Продукты,Макароны,7.19,0.5
"Масло Кукурузное Корона изобилия 0,87л/15шт",Продукты,Масло растительное,13.99,0.3
"Масло подс. Аведовъ 0,5л/18",Продукты,Масло растительное,43.93,0.3
"Масло подс. Аведовъ 0,5л/18 подс-олив.",Продукты,Масло растительное,30.69,0.3
Масло подс. Аведовъ 1л/12 подс-олив.,Продукты,Масло растительное,30.09,0.3
"Масло подс. Аннинское раф. 0,9л/12шт",Продукты,Масло растительное,4.11,0.3
"Масло подс. Аннинское раф. 0,9л/15шт",Продукты,Масло растительное,41.32,0.3
Масло подс. Аннинское раф.5л/2шт,Продукты,Масло растительное,7.41,0.3
Масло подс. Аннинское раф.5л/3шт,Продукты,Масло растительное,38.03,0.3
Масло подс. Аннинское раф.5л/4шт,Продукты,Масло растительное,61.78,0.3
"Масло подс. Веркино масло раф. 0,9л/12шт",Продукты,Масло растительное,27.65,0.3
Масло подс. Веркино масло раф. 5л/3шт,Продукты,Масло растительное,68.49,0.3
"Масло подс. Горница раф. дез. в/с  0,9л/15",Продукты,Масло растительное,50.13,0.3
Масло подс. Горница раф. дез. в/с  5л/3,Продукты,Масло растительное,32.27,0.3
"Масло подс. Жемчужина Поволжья раф.0,87л/15",Продукты,Масло растительное,10.61,0.3
Масло подс. Жемчужина Поволжья раф.2л/8,Продукты,Масло растительное,31.07,0.3
Масло подс. Злато 1л/12,Продукты,Масло растительное,19.11,0.3
Масло подс. Злато 1л/12 кукурузное,Продукты,Масло растительное,20.67,0.3
Масло подс. Злато 1л/12 подс-олив.,Продукты,Масло растительное,37.8,0.3
"Масло подс. Золотая капелька 4,7л/4",Продукты,Масло растительное,45.3,0.3
"Масло подс. Корона Изобилия  раф.1,7л/6шт",Продукты,Масло растительное,12.88,0.3
Масло подс. Корона Изобилия  раф.2л/6шт,Продукты,Масло растительное,11.99,0.3
Масло подс. Кухарка раф.5л/3шт.,Продукты,Масло растительное,60.25,0.3
Масло подс. Масленица 1л/15шт.,Продукты,Масло растительное,49.4,0.3
Масло подс. Олейна 1л/15шт,Продукты,Масло растительное,14.95,0.3
Масло подс. Олейна 2л/6шт,Продукты,Масло растительное,47.19,0.3
Масло подс. Подсолнечное раф.дез. 5л/3шт,Продукты,Масло растительное,63.4,0.3
"Масло подс. Сказка 0,9л/15шт",Продукты,Масло растительное,38.19,0.3
"Масло подс. Слобода Дачное 1,8л/6шт",Продукты,Масло растительное,29.12,0.3
"Масло подс. Солнечный цветок 4,7л/4шт",Продукты,Масло растительное,34.56,0.3
"Масло подс. Солнечный цветок раф.0,87л/15шт",Продукты,Масло растительное,38.04,0.3
Масло подс. Сто рецептов 1л/15шт,Продукты,Масло растительное,69.75,0.3
"Масло подс. Счастье есть! раф.0,87л/18шт",Продукты,Масло растительное,3.51,0.3
Бумага туалетная Краснотурьинская 1*32,Продукты,Прочее,6.67,0.6
Бумага туалетная Попкина радость 1*32,Продукты,Прочее,18.18,0.6
Мешки д/мусора Avikomp 120л/7шт эконом черные рулон /30,Продукты,Прочее,7.07,0.6
Мешки д/мусора Avikomp 30л/20шт эконом черные рулон /50,Продукты,Прочее,19.09,0.6
Мешки д/мусора Avikomp 60л/20шт эконом черные рулон /35,Продукты,Прочее,1.49,0.6
Салфетки белые (100шт/60уп),Продукты,Прочее,16.5,0.6
"Салфетки белые (90шт/15уп) Рlushe Laght 22,5*22,5 1-сл.",Продукты,Прочее,0.5,0.6
Салфетки влажные Superfresh 15шт. в ассорт.,Продукты,Прочее,16.22,0.6
"Салфетки влажные ЭКОНОМ smart 15шт, 1/90 лимон",Продукты,Прочее,6.52,0.6
"Стакан одноразовый 0,2л/100шт.",Продукты,Прочее,10.85,0.6
"Стакан одноразовый 0,5л/50шт.",Продукты,Прочее,19.01,0.6
"Арахис 80г/28шт. пакет, Магеллан",Продукты,"Семечки, сухарики",20.82,0.6
Арахис вес.,Продукты,"Семечки, сухарики",16.08,0.6
"Грецкий орех 80г/28шт. пакет, Магеллан",Продукты,"Семечки, сухарики",4.55,0.6
"Кешью 80г/28шт. пакет, Магеллан",Продукты,"Семечки, сухарики",24.74,0.6
"Миндаль 80г/28шт. пакет, Магеллан",Продукты,"Семечки, сухарики",32.6,0.6
Семечки ДЕД СЕМЕН 100гр*40шт.,Продукты,"Семечки, сухарики",13.5,0.6
Семечки ДЕД СЕМЕН 300гр*16шт.,Продукты,"Семечки, сухарики",19.68,0.6
Сухарики Компашки 35гр/64шт хрустящие,Продукты,"Семечки, сухарики",31.14,0.6
"Фисташки 80г/28шт. пакет, Магеллан",Продукты,"Семечки, сухарики",4.6,0.6
"Фундук 80г/28шт. пакет, Магеллан",Продукты,"Семечки, сухарики",32.01,0.6
"Вода газированная Бон-Аква 0,5л/24шт",Продукты,"Соки, воды",18.17,0.4
"Вода газированная Кока-кола 0,33л/24шт. ЗЕРО",Продукты,"Соки, воды",46.24,0.4
"Вода газированная Кока-кола 0,5л/24шт.",Продукты,"Соки, воды",53.84,0.4
"Вода газированная Кока-кола 0,5л/24шт. ЗЕРО",Продукты,"Соки, воды",13.05,0.4
"Вода газированная Кока-кола 1,5л/9шт. ЗЕРО",Продукты,"Соки, воды",21.17,0.4
Вода газированная Кока-кола 1л/12шт.,Продукты,"Соки, воды",57.28,0.4
Вода газированная Кока-кола 1л/12шт. ЗЕРО,Продукты,"Соки, воды",55.45,0.4
Вода газированная Спрайт 1л/12шт.,Продукты,"Соки, воды",5.05,0.4
Вода газированная Спрайт 2л/6шт.,Продукты,"Соки, воды",12.84,0.4
"Вода газированная Фанта 0,5л/24шт.",Продукты,"Соки, воды",37.34,0.4
"Вода газированная Фанта 1,5л/9шт.",Продукты,"Соки, воды",47.2,0.4
Вода газированная Фанта 2л/6шт.,Продукты,"Соки, воды",44.98,0.4
Вода пит. Обуховская роса 1л/12шт. б/газа,Продукты,"Соки, воды",59.55,0.4
"Вода пит. Родниковая слеза 0,5л/12шт.",Продукты,"Соки, воды",76.17,0.4
"Вода пит. Родниковая слеза 1,5л/6шт.",Продукты,"Соки, воды",34.76,0.4
Вода пит. Родниковая слеза 5л/2шт.,Продукты,"Соки, воды",49.09,0.4
Чай-напиток НЕСТИ 1л/12шт. ПЭТ в асс.,Продукты,"Соки, воды",36.23,0.4
Сок Гурмастер 1л/6 твист гранат,Продукты,"Соки, воды",75.22,0.4
Сок Добрый 1л/12шт. в ассорт.,Продукты,"Соки, воды",58.57,0.4
Сок Добрый 2л/6шт.  в ассорт.,Продукты,"Соки, воды",77.18,0.4
"Сок Красавчик 0,5л/14шт. в ассорт.",Продукты,"Соки, воды",40.33,0.4
"Сок Фруктовый остров 0,2л/27шт. в ассорт.",Продукты,"Соки, воды",46.03,0.4
"Сок Фруктовый остров 0,93л/12шт. в ассорт.",Продукты,"Соки, воды",47.38,0.4
"Сок Фруктовый остров 1,9л/6шт. в ассорт.",Продукты,"Соки, воды",3.68,0.4
Коф.напитки Кофейный 100г/24шт с нат.кофе,Продукты,"Чай, кофе",114.65,0.7
Коф.напитки Золотой Колос 200г/50шт. СПТ,Продукты,"Чай, кофе",16.8,0.7
Коф.напиток растворимый 3в1 16г 10*50 Классик,Продукты,"Чай, кофе",79.13,0.7
"Кофе АМБАССАДОР Платинум 150г/6 крист., м/у",Продукты,"Чай, кофе",73.94,0.7
Кофе ГОЛДЕН ИГЛ 3в1 20г*50п/20 классический,Продукты,"Чай, кофе",46.21,0.7
Кофе ГРАНД Экстра 75г/18шт. д/пак кристаллы,Продукты,"Чай, кофе",46.07,0.7
Кофе ЕGOISTE Nior 1000г/4шт. в зернах,Продукты,"Чай, кофе",1.26,0.7
Кофе ЖОКЕЙ Фаворит 100г/15 с/б гранулы,Продукты,"Чай, кофе",44.7,0.7
Кофейный напиток МАККОФЕ 3в1 18г50*20п в асс.,Продукты,"Чай, кофе",46.41,0.7
Кофе Нескафе Голд ст/б 95г/12,Продукты,"Чай, кофе",78.84,0.7
Кофе Нескафе Классик 75г/12 пакет,Продукты,"Чай, кофе",84,0.7
Кофе Черная карта Голд 75г/12 пакет,Продукты,"Чай, кофе",81.25,0.7
Кофе ЯКОБС МОНАРХ 150г/9 м/у кристаллы,Продукты,"Чай, кофе",81.36,0.7
Кофе ЯКОБС МОНАРХ 75г/15 м/у кристаллы,Продукты,"Чай, кофе",83.17,0.7
"Чай ГРАНД Великий тигр 200г/55 гранул, м/у",Продукты,"Чай, кофе",24.98,0.7
"Чай ГРАНД Семь Слонов 200г/40 лист, м/у",Продукты,"Чай, кофе",64.01,0.7
"Чай ГРАНД Утренняя Бодрость 100г/80 мелколист, м/у",Продукты,"Чай, кофе",71.02,0.7
Чай ЛИПТОН 100п*2г/12,Продукты,"Чай, кофе",18.12,0.7
Чай Пр.НУРИ 100п*2г/18 Высокогорный с/я,Продукты,"Чай, кофе",42.59,0.7
Аргаяш вареная Рубленая 500г /Здоровая Ферма,Продукты,Мясо,80.18,0.5
"Аргаяш Ветчина Куриная 0,5кг Здоровая Ферма",Продукты,Мясо,258.35,0.5
Велес в/у Суджук с/к в/с (нарезка) 150г,Продукты,Мясо,127.82,0.5
Велес п/к Столичная фибр.,Продукты,Мясо,234.3,0.5
Велес Сервелат в/к в/с фибросмок,Продукты,Мясо,219.86,0.5
Колбаса свиная копч. /Добродел/,Продукты,Мясо,79.23,0.5
Мясо прессованое (свиных голов),Продукты,Мясо,107.29,0.5
Копчености куриные Первоуральская ПТФ В/К,Продукты,Мясо,36.78,0.5
Бедро в/к /Первоуральск/,Продукты,Мясо,295.65,0.5
Голень в/к /Первоуральск/,Продукты,Мясо,51.14,0.5
Грудка в/к /Первоуральск/,Продукты,Мясо,290.83,0.5
Крылья в/к,Продукты,Мясо,131.69,0.5
Тушка ЦБ в/к /Первоуральск/,Продукты,Мясо,191.33,0.5
Четверть в/к /Первоуральск/,Продукты,Мясо,247.65,0.5
Копчености куриные в/к ,Продукты,Мясо,27.98,0.5
Грудка ЦБ в/к (Ифтэк),Продукты,Мясо,52.32,0.5
"Коркино, Челябинская обл.",Продукты,Мясо,123,0.5
Коркино п/к Варшавская кралька,Продукты,Мясо,139.9,0.5
Коркино п/к Хуторская,Продукты,Мясо,296.42,0.5
Коркино Рулет Киевский,Продукты,Мясо,130.91,0.5
Коркино Сардельки Домашние,Продукты,Мясо,75.28,0.5
Коркино Сосиски Венские,Продукты,Мясо,133.99,0.5
Коркино Сосиски Классические,Продукты,Мясо,102.39,0.5
Коркино Шпикачки Любимые,Продукты,Мясо,196.3,0.5
Курико вареная Ветчина,Продукты,Мясо,263.4,0.5
Курико вареная Лионская,Продукты,Мясо,81.92,0.5
Курико вареная Филейная,Продукты,Мясо,35.34,0.5
Курико п/к Геттингская,Продукты,Мясо,182.71,0.5
Курико п/к Камская,Продукты,Мясо,196.76,0.5
Среднеуральск ветчина Куриная,Продукты,Мясо,5.35,0.5
Микоян  Грудинка Кубанская к/в в/с,Продукты,Мясо,195.02,0.5
Микоян п/к Народная п/а,Продукты,Мясо,100.66,0.5
Микоян п/к Ржевская п/а,Продукты,Мясо,113.37,0.5
Микоян сервелат Таллинский в/к,Продукты,Мясо,92.93,0.5
Атяшево вар. Деревенская (синюга),Продукты,Мясо,125.06,0.5
Атяшево вар. Деревенская со шпиком (синюга),Продукты,Мясо,233.71,0.5
Атяшево ветчина Из бедра индейки,Продукты,Мясо,112.15,0.5
Атяшево ветчина Из свинины,Продукты,Мясо,160.96,0.5
Атяшево сосиски Дорожные,Продукты,Мясо,191.47,0.5
Ветчина Полевская из курицы /Фабрика деликатесов/,Продукты,Мясо,69.74,0.5
Куриная п/к н/о /Фабрика деликатесов/,Продукты,Мясо,159.3,0.5
Ифтэк Грудинка б/к,Продукты,Мясо,177.61,0.5
Ифтэк Корейка б/ш Праздничная,Продукты,Мясо,260.26,0.5
Ифтэк Окорок передний к/в,Продукты,Мясо,190.72,0.5
Ифтэк п/к Краковская,Продукты,Мясо,58.04,0.5
Ифтэк Щековина,Продукты,Мясо,254.18,0.5
Балерон (шейка с чесноком) к/в в/у (КД),Продукты,Мясо,228.43,0.5
Грудинка Петровская к/в в/у (Панский дворик),Продукты,Мясо,63.44,0.5
Деликатес из индейки (Аnimex),Продукты,Мясо,9.7,0.5
Индейка с овощами в желе (Аnimex),Продукты,Мясо,32.57,0.5
Корейка (Карбонад) свиная  в/к в/у (КД),Продукты,Мясо,175.62,0.5
Грудинка соленая Охотничья в/у 300гр /Чаши/,Продукты,Мясо,217.87,0.5
Курица в желе с овощами 250гр /Чаши/,Продукты,Мясо,136.68,0.5
Щековина к/в /Чаши/,Продукты,Мясо,214.31,0.5
Ветчина Первоуральская,Продукты,Мясо,0.09,0.5
Ветчина Петровская (Первоур.),Продукты,Мясо,296.1,0.5
Первоуральск Желудки пикантные,Продукты,Мясо,237.97,0.5
Первоуральск Шеи Пикантные куриные,Продукты,Мясо,211.95,0.5
Первоуральская Даниловская,Продукты,Мясо,152.25,0.5
Первоуральская Куриная,Продукты,Мясо,99.84,0.5
Первоуральская Леоновская,Продукты,Мясо,113.14,0.5
Первоуральская п/к Банкетная,Продукты,Мясо,214.94,0.5
Первоуральская Первоуральская,Продукты,Мясо,47.61,0.5
Первоуральская Рулет из мяса птицы в/к,Продукты,Мясо,105.83,0.5
Первоуральская сардельки Ялтинские,Продукты,Мясо,64.24,0.5
Первоуральская Филейная,Продукты,Мясо,286.39,0.5
Первоуральская Хлеб Петровский мясной,Продукты,Мясо,163.13,0.5
Первоуральская Хлеб Слоеный мясной,Продукты,Мясо,42.62,0.5
Первоуральская Чусовская,Продукты,Мясо,31.12,0.5
Первоуральская Ялтинская,Продукты,Мясо,148.91,0.5
Рефть  Бедро готовое,Продукты,Мясо,105.05,0.5
Рефть  Люля куриные готовые,Продукты,Мясо,120.96,0.5
Рефть вареная Зыряновская,Продукты,Мясо,18.91,0.5
Рефть вареная Липинская,Продукты,Мясо,284.17,0.5
Рефть вареная Любительская в/с,Продукты,Мясо,210.47,0.5
Рефть вареная Мироновская,Продукты,Мясо,36.2,0.5
Рефть вареная Новорефтинская,Продукты,Мясо,247.03,0.5
Рефть вареная Таганская со шпиком,Продукты,Мясо,113.48,0.5
Рефть вареная Устьенская,Продукты,Мясо,201.39,0.5
Рефть вареная Филейная,Продукты,Мясо,296.67,0.5
Рефть вареная Чайная 2с,Продукты,Мясо,88.05,0.5
Рефть вареная Чесноковая,Продукты,Мясо,215.12,0.5
Рефть вареная Юбилейная,Продукты,Мясо,294.02,0.5
Рефть ветчина Ассорти,Продукты,Мясо,181.52,0.5
Рефть ветчина Классик,Продукты,Мясо,264.43,0.5
Рефть п/к Чародейка,Продукты,Мясо,25.17,0.5
Рефть шашлык Купеческий готовый,Продукты,Мясо,190.51,0.5
"Славянский сардельки Говяжьи, ГОСТ, черева",Продукты,Мясо,9.25,0.5
"Славянский сардельки Сытные, ТУ, черева",Продукты,Мясо,259.66,0.5
"Славянский сервелат Дорожный п/к, ТУ, фиброуз",Продукты,Мясо,110.69,0.5
"Славянский сервелат Европейский в/к, ТУ, шар",Продукты,Мясо,136.32,0.5
"Славянский сосиски Азовские, ТУ, иск.об.",Продукты,Мясо,4.83,0.5
"Славянский сосиски Молочные подкопченые, ТУ, иск.об.",Продукты,Мясо,26.24,0.5
"Славянский сосиски Уральские, ТУ, иск.об.",Продукты,Мясо,71.69,0.5
"Славянский Хребет свиной в/к, ТУ",Продукты,Мясо,77.1,0.5
"Славянский шпикачки Дачные, ТУ, черева",Продукты,Мясо,121.29,0.5
Сосновская вареная Чесночная 250гр,Продукты,Мясо,180.26,0.5
Сосновская п/к Салями по-Фински 350гр,Продукты,Мясо,57.53,0.5
Сосновская сосиски Молочные 350гр,Продукты,Мясо,102.92,0.5
Студень Закусочный 250г /Чаши/,Продукты,Мясо,62.96,0.5
"Студень Мясной 0,3кг",Продукты,Мясо,54.96,0.5
Студень Мясной весовой,Продукты,Мясо,247.98,0.5
Холодец Боярский 400г в/у /Чаши/,Продукты,Мясо,133.48,0.5
Холодец Домашний 400г /Чаши/,Продукты,Мясо,27.9,0.5
Холодец Сельский 1кг,Продукты,Мясо,181.4,0.5
Холодец Сельский 500г,Продукты,Мясо,225.95,0.5
Хор.вкус п/к Казачья,Продукты,Мясо,256.64,0.5
Хор.вкус с/к Зернистая 200г,Продукты,Мясо,137.49,0.5
Хор.вкус сардельки Телячьи в в/уп,Продукты,Мясо,267.59,0.5
Хор.вкус сардельки Телячьи в г/с,Продукты,Мясо,119.94,0.5
Хор.вкус сервелат Охотничий,Продукты,Мясо,225.39,0.5
Хор.вкус сервелат Семейный,Продукты,Мясо,160.55,0.5
Царицыно вареная Губернская,Продукты,Мясо,142.61,0.5
Царицыно вареная Докторская ГОСТ в/с охл.,Продукты,Мясо,225.92,0.5
Царицыно вареная Докторская нат.молоком,Продукты,Мясо,134.06,0.5
Царицыно вареная Молочная ГОСТ 1с охл.,Продукты,Мясо,49.24,0.5
Царицыно вареная Молочная нат.молоком,Продукты,Мясо,186.43,0.5
Царицыно вареная Нежная,Продукты,Мясо,261.34,0.5
Царицыно вареная Особая без шпика,Продукты,Мясо,101.19,0.5
Царицыно вареная Русская ГОСТ в/с,Продукты,Мясо,217.23,0.5
Царицыно вареная Русская нат.молоком,Продукты,Мясо,72.81,0.5
Царицыно вареная Сельская,Продукты,Мясо,91.91,0.5
Царицыно вареная Юбилейная,Продукты,Мясо,235.26,0.5
Царицыно сервелат Мелкозернистый в/к,Продукты,Мясо,31.43,0.5
Царицыно сосиски Молочные по-царицынски,Продукты,Мясо,79.09,0.5
"ЧМК  Шейка Подмосковная к/в, в/у",Продукты,Мясо,42.95,0.5
"ЧМК вареная Бутербродная 0,5кг",Продукты,Мясо,19.18,0.5
"ЧМК вареная Докторская ГОСТ п/а 0,5кг",Продукты,Мясо,33.94,0.5
"ЧМК вареная К чаю 0,5кг",Продукты,Мясо,66.24,0.5
ЧМК вареная Молочная ГОСТ п/а,Продукты,Мясо,237.5,0.5
ЧМК вареная Нежная,Продукты,Мясо,152.5,0.5
"ЧМК вареная Нежная 0,5кг АКЦИЯ 1+1",Продукты,Мясо,109.42,0.5
"ЧМК вареная Особая субпродуктовая н/о, в/у",Продукты,Мясо,80.07,0.5
ЧМК вареная Русская ГОСТ п/а,Продукты,Мясо,214.46,0.5
ЧМК вареная Чесночная,Продукты,Мясо,145.32,0.5
ЧМК ветчина ГОСТ п/а,Продукты,Мясо,218.48,0.5
ЧМК ветчина К завтраку,Продукты,Мясо,219.37,0.5
ЧМК ветчина Куриная,Продукты,Мясо,183.06,0.5
ЧМК ветчина Традиционная,Продукты,Мясо,130.94,0.5
ЧМК п/к Казачья в/у,Продукты,Мясо,278.84,0.5
ЧМК п/к Колбаски Пикник в/у,Продукты,Мясо,5.83,0.5
"ЧМК п/к Краковская ГОСТ н/о, в/у",Продукты,Мясо,296.75,0.5
"ЧМК салями Австрийская, 350гр",Продукты,Мясо,59.48,0.5
"ЧМК салями Австрийская, 350гр ",Продукты,Мясо,223.59,0.5
"ЧМК салями Австрийская, в/у",Продукты,Мясо,92.97,0.5
"ЧМК салями Зернистая, 350гр",Продукты,Мясо,35.72,0.5
"ЧМК сардельки Для завтрака, МГА",Продукты,Мясо,292.18,0.5
"ЧМК сардельки Люкс, МГА",Продукты,Мясо,68.27,0.5
"ЧМК сервелат ГОСТ в/с, в/у",Продукты,Мясо,59.12,0.5
ЧМК сервелат Европейский 350гр,Продукты,Мясо,53.18,0.5
ЧМК сервелат Европейский в/уп,Продукты,Мясо,29.12,0.5
ЧМК сервелат Зернистый 350гр,Продукты,Мясо,64.46,0.5
ЧМК сервелат Кремлевский в/у,Продукты,Мясо,63.64,0.5
ЧМК сервелат Праздничный 350гр,Продукты,Мясо,183.86,0.5
ЧМК сервелат Праздничный в/у,Продукты,Мясо,73.03,0.5
ЧМК сервелат Финский в/у,Продукты,Мясо,104.63,0.5
"ЧМК сосиски Гриль, МГА",Продукты,Мясо,151.97,0.5
"ЧМК сосиски Молочные ГОСТ, МГА",Продукты,Мясо,88.51,0.5
ЧМК сосиски с сыром,Продукты,Мясо,203.37,0.5
"ЧМК сосиски Традиционные, МГА",Продукты,Мясо,255.46,0.5
"ЧМК Хлеб мясной Пикантный, в/у",Продукты,Мясо,16.32,0.5
Черкашин вареная Докторская,Продукты,Мясо,127.02,0.5
Черкашин вареная Докторская в/с 350г,Продукты,Мясо,270.42,0.5
Черкашин вареная Молочная,Продукты,Мясо,71.99,0.5
Черкашин вареная Молочная 1с 350г,Продукты,Мясо,96.42,0.5
Черкашин вареная Русская,Продукты,Мясо,1.53,0.5
Черкашин вареная Русская в/с 350г,Продукты,Мясо,166.46,0.5
Черкашин ветчина Российская 500гр,Продукты,Мясо,222.03,0.5
Черкашин п/к Краковская мясной продукт кат.Б 390гр,Продукты,Мясо,247.11,0.5
Черкашин п/к Таллинская мясной продукт кат.Б 350г,Продукты,Мясо,114.13,0.5
Черкашин сервелат в/к В/С 350г,Продукты,Мясо,52.36,0.5
Черкашин сервелат Подмосковный в/к в/у 350г,Продукты,Мясо,196.02,0.5
Черкашин сосиски Детские в/у 240г,Продукты,Мясо,52.17,0.5
Ч-Урал в/у Бекон Оригинальный к/в,Продукты,Мясо,177.87,0.5
Ч-Урал вареная Докторская в/с ориг. НМО,Продукты,Мясо,94.57,0.5
Ч-Урал вареная Докторская в/с по-черкизовски ТУ,Продукты,Мясо,296.73,0.5
Ч-Урал вареная Докторская-Черкизовская НМО в сетке,Продукты,Мясо,174.61,0.5
Ч-Урал вареная К ужину НМО,Продукты,Мясо,113.24,0.5
Ч-Урал вареная Озерская НМО,Продукты,Мясо,249.45,0.5
Ч-Урал вареная Особая НМО в сетке,Продукты,Мясо,11.52,0.5
Ч-Урал вареная Русская в/с ориг. НМО,Продукты,Мясо,87.64,0.5
Ч-Урал вареная Русская по-Черкизовски,Продукты,Мясо,52.31,0.5
Ч-Урал вареная С говядиной НМО,Продукты,Мясо,231.32,0.5
Ч-Урал вареная Столовая классическая НМО,Продукты,Мясо,27.62,0.5
Ч-Урал вареная Южная НМО,Продукты,Мясо,58.68,0.5
Ч-Урал Ветчина из индейки,Продукты,Мясо,69.52,0.5
Ч-Урал Ветчина По-Черкизовски,Продукты,Мясо,248.52,0.5
Ч-Урал Ветчина ТОСТ ХЭМ НМО охл.,Продукты,Мясо,171.78,0.5
Ч-Урал Ливерная Украинская с печенью НМО 400гр.,Продукты,Мясо,103.13,0.5
Ч-Урал п/к Краковская Традиционная нат.обол. 400г,Продукты,Мясо,68.45,0.5
Ч-Урал Печеночные колбаски 250 гр.,Продукты,Мясо,201.95,0.5
Ч-Урал с/к Богородская ПРЕСС,Продукты,Мясо,266.88,0.5
Ч-Урал с/к Бородинская ПРЕСС белк.об.,Продукты,Мясо,128.67,0.5
Ч-Урал с/к Деликатесная по-Черкизовски 100г нарезка,Продукты,Мясо,111.02,0.5
Ч-Урал с/к Онежская ПРЕСС,Продукты,Мясо,144.9,0.5
Ч-Урал с/к Преображенская ПРЕСС,Продукты,Мясо,149.78,0.5
"Ч-Урал Сервелат в/к,в/с",Продукты,Мясо,0.16,0.5
Ч-Урал сервелат Зернистый 400г,Продукты,Мясо,262.39,0.5
Ч-Урал сервелат Коньячный 400г,Продукты,Мясо,54.56,0.5
Ч-Урал сосиски Молочные по-Черкизовски (газ),Продукты,Мясо,280.29,0.5
Ч-Урал сосиски Особенные с говядиной ц/о,Продукты,Мясо,262.85,0.5
Грудинка Чеснок б/в /Саратов/,Продукты,Мясо,154.29,0.5
Сало Белорусское /Челябинск/,Продукты,Мясо,97.76,0.5
Сало Белорусское порц. /Челябинск/,Продукты,Мясо,112.14,0.5
Сало по-Домашнему с лаврушкой 300гр /Чаши/,Продукты,Мясо,182.19,0.5
Сало по-Домашнему с укропом 300гр /Чаши/,Продукты,Мясо,204.33,0.5
Сало по-Домашнему с черным перцем 300гр /Чаши/,Продукты,Мясо,178.1,0.5
Сало по-Домашнему с чесноком 300гр /Чаши/,Продукты,Мясо,275.3,0.5
Сало соленое Охотничье в/у 300гр /Чаши/,Продукты,Мясо,136.19,0.5
Сало Чеснок б/в /Саратов/,Продукты,Мясо,6.78,0.5
Смалец домашний 200гр /Чаши/,Продукты,Мясо,170.34,0.5
Шпик Венгерский /Челябинск/,Продукты,Мясо,233.74,0.5
Шпик деревенский /Челябинск/,Продукты,Мясо,127.56,0.5
Шпик деревенский порц. /Челябинск/,Продукты,Мясо,222.28,0.5
Шпик по-домашнему /Челябинск/,Продукты,Мясо,193.33,0.5
Шпик по-домашнему порц. /Челябинск/,Продукты,Мясо,29.94,0.5
Шпик соленый По-Белорусски 300гр /Чаши/,Продукты,Мясо,140.98,0.5
Сосиски куриные Даниловские,Продукты,Мясо,236.4,0.5
Икра белковая Красная 100гр Дары моря,Продукты,Икра,29.04,0.1
Икра белковая Черная 100гр Дары моря,Продукты,Икра,339.99,0.1
Икра Лососевая 100г ж/б ключ Невод,Продукты,Икра,105.39,0.1
Икра Лососевая зернистая ГОСТ 130г/108 Премиум /Рыбный мир,Продукты,Икра,115.66,0.1
Икра Мойвы деликатесная тресковая 180гр/6шт,Продукты,Икра,248.7,0.1
Пюре фрукт. Агуша 0% 115г/12 стекло яблоко,Продукты,Детское питание,80.33,0.2
Пюре фрукт. Агуша 0% 115г/12 стекло яблоко-банан,Продукты,Детское питание,41.79,0.2
Сок Агуша 200мл/27 осв. Груша,Продукты,Детское питание,77.45,0.2
ЧУДО молочное коктейль аром. 3% 200г/27шт шоколад,Продукты,Молочная продукция,21.48,0.7
"Йогурты, кисломолочные продукты",Продукты,Молочная продукция,12.75,0.7
"Йогурт Фругурт 2,5% 100г/24 Черника",Продукты,Молочная продукция,33.04,0.7
Майонез ЕЖК Провансаль 67% 350мл/12 бутылка с доз.,Продукты,Майонез,29.23,0.4
Майонез МАХЕЕВЪ олив. 67% 380г/20шт дойпак с доз.,Продукты,Майонез,25.6,0.4
Майонез МЕЧТА ХОЗЯЙКИ 67% 193гр/16шт дой/пак,Продукты,Майонез,53.03,0.4
"Майонез РRОfood 67% 10л, ведро",Продукты,Майонез,31.83,0.4
Маргарин Домашний ЕЖК 200гр/50,Продукты,Маргарин,19.6,0.2
Маргарин Сливочный 180гр/30 перг. ЗНАТИНЬ,Продукты,Маргарин,10.45,0.2
Маргарин Сливочный Щ.л. 200г/50,Продукты,Маргарин,36.37,0.2
Маргарин Чудесница 55% 150гр/60шт перг.,Продукты,Маргарин,33.1,0.2
Масло монолит Елшанское 500гр/10,Продукты,Масло сливочное,38.96,0.4
"Масло фас.перг.Сливочное Крестьянское 72,5% 400г",Продукты,Масло сливочное,54.77,0.4
Масло фас.фол.Башкирское 180гр/20шт сливочное,Продукты,Масло сливочное,89.01,0.4
Масло фас.фол.Башкирское 180гр/24шт сливочное,Продукты,Масло сливочное,77.55,0.4
Масло фас.фол.Крестьянское 180г/20шт,Продукты,Масло сливочное,65.42,0.4
"Масло фас.фол.Сливочное Село Зеленое 175г/40шт 82,5% Милком",Продукты,Масло сливочное,80.88,0.4
"Масло фас.фол.Сливочное Тысяча озер 180г/40шт 82,5%",Продукты,Масло сливочное,68.13,0.4
"Кефир Кефирный баланс 2,5%, 1л/12 ГОСТ ТБА Еdge",Продукты,Молочная продукция,30.06,0.7
"Кефир Кефирный баланс 3,2%, 1л/12 ГОСТ ТБА Еdge",Продукты,Молочная продукция,18.66,0.7
"Молоко Мумуня Слим ТБА 3,2% 1л/12 ультрапаст.",Продукты,Молочная продукция,38.06,0.7
"Молоко Мумуня Слим ТБА 3,2% 2л/6 ультрапаст.",Продукты,Молочная продукция,55.74,0.7
"Молоко Дюртюли ультрапастеризов. 3,2% ТБА, 1000гр/12шт.",Продукты,Молочная продукция,23.13,0.7
"Молоко Новый день 3,2% 1л/12 ТБA",Продукты,Молочная продукция,11.34,0.7
"Молоко Скоморошкино 3,2% 1л/12 ТБA",Продукты,Молочная продукция,41.14,0.7
"Молоко Честное коровье МДЖ 3,2% 0,9л/12 ТФА",Продукты,Молочная продукция,9.94,0.7
Сливки 10% (square) 200г/28шт Тetrapak,Продукты,Молочная продукция,28.78,0.7
Сливки 20% (square) 200г/28шт Тetrapak,Продукты,Молочная продукция,47.19,0.7
Сыр Адыгейский /Кез/,Продукты,Сыры,24.78,0.4
Сыр Адыгейский Милково/Ува,Продукты,Сыры,166.53,0.4
Сыр Адыгейский мини /Кез/,Продукты,Сыры,43.31,0.4
"Сыр Гауда /Беларусь/ Антон Палыч, Береза/",Продукты,Сыры,196.86,0.4
Сыр Голландский /Азнаково/,Продукты,Сыры,65.31,0.4
Сыр Голландский /Калининград/,Продукты,Сыры,142.04,0.4
Сыр Голландский /Кошки/,Продукты,Сыры,111.68,0.4
Сыр Голландский /Можга/,Продукты,Сыры,160.85,0.4
Сыр Голландский /Орда/,Продукты,Сыры,223.12,0.4
Сыр колбасный копч. Лух Сыр-Бор,Продукты,Сыры,191.9,0.4
Сыр колбасный копч. Омск особый,Продукты,Сыры,83.7,0.4
Сыр копч.Колосок (Золотые Горы) 120гр/25шт /Новосибирск/,Продукты,Сыры,70.45,0.4
Сыр копч.Сочинский Коса 120гр/30шт,Продукты,Сыры,232.79,0.4
Сыр Король Артур,Продукты,Сыры,130.15,0.4
Сыр Ламбер,Продукты,Сыры,97.04,0.4
Сыр Мастер шар /Киприно/,Продукты,Сыры,73.33,0.4
"Сыр плав. 70гр/50шт Омск ассорти,фол.",Продукты,Сыры,73.32,0.4
Сыр плав. 70гр/50шт фол. в ассорт. Уральский сыровар,Продукты,Сыры,56.69,0.4
Сыр плав. Плавыч (фольга) 70гр/50шт,Продукты,Сыры,28.3,0.4
Сыр Российский /Гоголь-Моголь/,Продукты,Сыры,4.16,0.4
Сыр Российский /Кошки/,Продукты,Сыры,15.15,0.4
Сыр Российский /Мамадыш/,Продукты,Сыры,196.55,0.4
Сыр Российский /Можга/,Продукты,Сыры,80.09,0.4
Сыр Российский /Нижний Новгород/,Продукты,Сыры,108.28,0.4
Сыр Сливочный /Киприно/,Продукты,Сыры,99.78,0.4
Сыр фасов. Гауда 250г/16шт. /Можга/,Продукты,Сыры,213.35,0.4
Сыр фасов. Гауда Премиум 250г/14 /Кез/,Продукты,Сыры,229.1,0.4
Сыр фасов. Голландский 250г/12 Комо /Беларусь/,Продукты,Сыры,239.93,0.4
Сыр фасов. Голландский 250г/14шт. /Кез/,Продукты,Сыры,135,0.4
Сыр фасов. Кантри топл.мол. 250г/12 Комо /Беларусь/,Продукты,Сыры,37.39,0.4
Сыр фасов. Костромской 250г/14шт. /Кез/,Продукты,Сыры,116.86,0.4
Сыр фасов. Пошехонский 250г/14шт. /Кез/,Продукты,Сыры,89.23,0.4
Сыр фасов. Российский 250г/12 Комо /Беларусь/,Продукты,Сыры,164.94,0.4
Сыр фасов. Российский 250г/14шт. /Кез/,Продукты,Сыры,37.22,0.4
Сыр фасов. Сливочный 250г/12 Комо /Беларусь/,Продукты,Сыры,195.17,0.4
Сыр фасов. Сливочный 250г/14шт. /Кез/,Продукты,Сыры,32.46,0.4
Сыр фасов. Сметанковый 250г/12 Комо /Беларусь/,Продукты,Сыры,125.85,0.4
Сыр фасов. Сметанковый 250г/14шт. /Кез/,Продукты,Сыры,223.99,0.4
Сыр фасов. Тильзитэр 250г/14шт. /Кез/,Продукты,Сыры,70.67,0.4
Сыр фасов. Эдам Люкс 250г/14 /Кез/,Продукты,Сыры,139.21,0.4
Фасоль красная,Продукты,"Овощи, фрукты",156.49,0.4
Шиповник,Продукты,"Овощи, фрукты",43.88,0.4
"Горбуша Хе по-корейски 1,8кг ведро",Продукты,Рыба,138.44,0.4
Рыба п/п,Продукты,Рыба,16.2,0.4
Пр.Сельдь филе-кусочки в масле 180г в ассорт.,Продукты,Рыба,31.13,0.4
с/с Сельдь атл. 400+ 1/5кг. (ведро 6л),Продукты,Рыба,134.58,0.4
"Рыба х/к, г/к",Продукты,Рыба,193.87,0.4
Вяленая Вобла,Продукты,Рыба,187.01,0.4
Вяленая Щурагайка 1/2кг,Продукты,Рыба,42.25,0.4
Вяленый Лещ 1/4,Продукты,Рыба,151.45,0.4
г/к Скумбрия б/г 1/3кг,Продукты,Рыба,27.18,0.4
х/к Мойва 150г,Продукты,Рыба,123.98,0.4
х/к Сырок север 1/3кг,Продукты,Рыба,58.24,0.4
Снеки Анчоус 1кг/10,Продукты,"Семечки, сухарики",22.5,0.6
Снеки Желтый полосатик (в/с) 1кг/10,Продукты,"Семечки, сухарики",7.67,0.6
Снеки Кальмар кольца (полукольца) 1кг/10,Продукты,"Семечки, сухарики",34.99,0.6
Снеки Кальмар стружка белая 1кг/10,Продукты,"Семечки, сухарики",22.69,0.6
Снеки Минтай филе спинки 1кг/10,Продукты,"Семечки, сухарики",7.73,0.6
Снеки Минтай шинкованный 1кг/10,Продукты,"Семечки, сухарики",30.57,0.6
Снеки Ставридка 1кг/10,Продукты,"Семечки, сухарики",4,0.6
Снеки Таранка с перцем 1кг/10,Продукты,"Семечки, сухарики",38.47,0.6
Снеки Треска 1кг/10,Продукты,"Семечки, сухарики",20.92,0.6
Снеки Угорь 1кг/10,Продукты,"Семечки, сухарики",31.55,0.6
Снеки Щука натуральная (филе-соломка) 1кг/10,Продукты,"Семечки, сухарики",5.16,0.6
Снеки Щука соломка 1кг/10,Продукты,"Семечки, сухарики",17.58,0.6
Снеки Янтарная рыбка (минтай шинкованный) 1кг/10,Продукты,"Семечки, сухарики",0.7,0.6
Снеки Янтарная рыбка с перцем 1кг/10,Продукты,"Семечки, сухарики",31.38,0.6
"Кости, наборы куриные",Продукты,Птица,254.33,0.7
Костный остаток 1/10кг,Продукты,Птица,269.84,0.7
Костный остаток 1/15кг,Продукты,Птица,140.11,0.7
Костный п/фабрикат птичий в мешочке,Продукты,Птица,253.8,0.7
"Кость пищевая, монолит /Тюмень/",Продукты,Птица,145.92,0.7
с/м Набор д/бульона 1/12кг (Первоуральск),Продукты,Птица,186.27,0.7
с/м Набор д/бульона 1/12кг /Артемовский/,Продукты,Птица,50.56,0.7
с/м Набор д/бульона подложка /Мордовия/,Продукты,Птица,3.83,0.7
с/м Набор д/супа /Тюмень/,Продукты,Птица,58.75,0.7
с/м Набор д/супа 1/12кг /Приосколье/,Продукты,Птица,241.86,0.7
с/м Набор д/тушения пакет /Тюмень/,Продукты,Птица,172.83,0.7
с/м Набор д/тушения подложка /Тюмень/,Продукты,Птица,265.98,0.7
с/м Набор д/чахохбили 1/10кг /Приосколье/,Продукты,Птица,146.22,0.7
с/м Набор д/чахохбили подложка /Чебаркуль/,Продукты,Птица,225.75,0.7
с/м Набор мелкокусковой вес /Равис/,Продукты,Птица,176.72,0.7
Окорочка куриные 1/10кг Бразилия,Продукты,Птица,142.1,0.7
Окорочка куриные 1/15 сух.замор. /Россия/ Москва,Продукты,Птица,233.44,0.7
Окорочка куриные 1/15кг Бразилия,Продукты,Птица,62.9,0.7
Окорочок цб лоток /Рефть/,Продукты,Птица,72.12,0.7
Окорочок цб монолит 1/13кг сух.зам. /Царский стол/,Продукты,Птица,187.38,0.7
Окорочок цб монолит Белокурово сух.зам.,Продукты,Птица,196.87,0.7
Окорочок цб монолит Белокурово сух.заморозки,Продукты,Птица,94,0.7
Окорочок цб подложка /Белокурово/ ТУ,Продукты,Птица,40.24,0.7
Окорочок цб подложка /Чебаркуль/,Продукты,Птица,207.63,0.7
с/м Бедро ЦБ монолит /Мордовия/ сух.зам.,Продукты,Птица,6.76,0.7
с/м Бедро ЦБ подложка /Белокурово,Продукты,Птица,222.46,0.7
с/м Бедро ЦБ подложка /Здоровая ферма/,Продукты,Птица,138.67,0.7
с/м Бедро ЦБ подложка /НПК/,Продукты,Птица,222.58,0.7
с/м Голень ЦБ подложка 1/8кг /Здоровая ферма/,Продукты,Птица,155.94,0.7
с/м Голень ЦБ подложка 1/9кг /Приосколье/,Продукты,Птица,242.25,0.7
с/м Грудка ЦБ подложка 1/9кг /Приосколье/,Продукты,Птица,227.42,0.7
с/м Крыло ЦБ подложка /Белокурово/,Продукты,Птица,160.56,0.7
с/м Крыло ЦБ подложка /НПК/,Продукты,Птица,146.84,0.7
с/м Крыло ЦБ подложка /Чебаркуль/,Продукты,Птица,148.98,0.7
с/м Крыло ЦБ подложка 1/12кг /Курган/,Продукты,Птица,58.94,0.7
с/м Крыло ЦБ подложка 1/8кг /Здоровая ферма/,Продукты,Птица,158.59,0.7
с/м Крыло ЦБ подложка 1/9кг /Приосколье/,Продукты,Птица,166.41,0.7
с/м Филе ЦБ монолит /Белокурово/ ПРЕМИУМ сух.зам,Продукты,Птица,16.74,0.7
с/м Филе ЦБ подложка /Белокурово,Продукты,Птица,81.11,0.7
с/м Головы ЦБ 1/12кг /Здоровая Ферма/,Продукты,Птица,29.42,0.7
с/м Головы ЦБ 1/12кг /Равис/,Продукты,Птица,218.62,0.7
с/м Головы ЦБ фасов. 1/10 /Ситно/,Продукты,Птица,201.85,0.7
с/м Желудки ЦБ лоток /Первоуральск/,Продукты,Птица,237.23,0.7
с/м Желудки ЦБ подложка /Мордовия/,Продукты,Птица,146.32,0.7
с/м Желудки ЦБ подложка /НПК/,Продукты,Птица,84.74,0.7
с/м Желудки ЦБ подложка 1/6кг /Здоровая ферма/,Продукты,Птица,33.12,0.7
с/м Ноги ЦБ 1/10 /НПК/,Продукты,Птица,103.06,0.7
с/м Ноги ЦБ 1/12кг /Здоровая ферма/,Продукты,Птица,255.83,0.7
с/м Ноги ЦБ 1/12кг /Равис/,Продукты,Птица,145.76,0.7
с/м Ноги ЦБ 1/13 /НПК/,Продукты,Птица,268.15,0.7
с/м Ноги ЦБ в мешочке /Сев.агроф./,Продукты,Птица,175.86,0.7
с/м Ноги ЦБ фасов. /Чебаркуль/,Продукты,Птица,128.74,0.7
с/м Печень ЦБ подложка /Мордовия/,Продукты,Птица,159.4,0.7
"с/м Печень ЦБ подложка 0,5кг*12шт/6кг /Чебаркуль/",Продукты,Птица,256.28,0.7
с/м Сердце ЦБ лоток /Первоуральск/,Продукты,Птица,16.43,0.7
с/м Сердце ЦБ подложка /НПК/,Продукты,Птица,232.76,0.7
"с/м Сердце ЦБ подложка 0,5кг*12шт./6кг /Здоровая Ферма/",Продукты,Птица,254.05,0.7
с/м Сердце ЦБ подложка 1/10кг /Приосколье/,Продукты,Птица,21.87,0.7
с/м Шеи ЦБ 1/10кг /НПК/,Продукты,Птица,194.37,0.7
с/м Шеи ЦБ лоток /Рефть/,Продукты,Птица,195.65,0.7
с/м Мясо кур 1/12кг Башкирия,Продукты,Птица,151.5,0.7
Цыпленок-бройлер /Мордовия/ ТУ для жарения,Продукты,Птица,185.01,0.7
Цыпленок-бройлер /Мордовия/ Чамзинка для жарения/,Продукты,Птица,143.2,0.7
Цыпленок-бройлер /Нагайбакский ПК /Ситно/,Продукты,Птица,219.63,0.7
Цыпленок-бройлер /Первоуральск/,Продукты,Птица,210.69,0.7
Цыпленок-бройлер /Равис/  Халяль 1с.,Продукты,Птица,262.95,0.7
Цыпленок-бройлер /Рефть/ 1с вес.,Продукты,Птица,164.43,0.7
Цыпленок-бройлер 1/12кг /Здоровая ферма/,Продукты,Птица,139.7,0.7
Цыпленок-бройлер 1/12кг /Здоровая ферма/ ГОСТ,Продукты,Птица,136.49,0.7
Цыпленок-бройлер 1/12кг /Здоровая ферма/ Корнишон,Продукты,Птица,16.88,0.7
Цыпленок-бройлер 1/12кг /НПК/,Продукты,Птица,252.89,0.7
с/м Фарш ЦБ Боярский лоток 500г /Челябинск/,Продукты,Птица,127.81,0.7
с/м Фарш ЦБ Домашний батон /Первоуральск/,Продукты,Птица,79.33,0.7
с/м Фарш ЦБ Котлетный ТУ подложка /Мордовия/,Продукты,Птица,196.62,0.7
с/м Фарш ЦБ Куриный лоток 900г /Челябинск/,Продукты,Птица,36.94,0.7
"с/м Фарш ЦБ Куриный, батон",Продукты,Птица,25.21,0.7
с/м Фарш ЦБ монолит /Мордовия/ ГОСТ,Продукты,Птица,121.07,0.7
с/м Фарш ЦБ Обыкновенный /Первоуральск/,Продукты,Птица,139.82,0.7
"с/м Фарш ЦБ Обыкновенный контейнер 1/7,5кг /Рефть/",Продукты,Птица,220.41,0.7
с/м Фарш ЦБ Превосходный в батоне /Первоуральск/,Продукты,Птица,148.71,0.7
с/м Говядина б/к з/ч Парагвай Silver,Продукты,Мясо,173.46,0.5
с/м Корейка н/к /Бразилия/,Продукты,Мясо,21.44,0.5
с/м Свинина б/к карбонад /Бразилия/,Продукты,Мясо,245.13,0.5
с/м Свинина б/к окорок /Бразилия/,Продукты,Мясо,138.8,0.5
Кость говяжья /Добродел/,Продукты,Мясо,199.81,0.5
Кость говяжья пищевая,Продукты,Мясо,49.89,0.5
Кость говяжья суповая (Хор.вкус),Продукты,Мясо,65.67,0.5
с/м Набор д/бульона из свинины /Здоровая Ферма/,Продукты,Мясо,239.35,0.5
с/м Набор д/супа из говядины Традиционный /ЧМК/,Продукты,Мясо,18.04,0.5
с/м Набор д/холодца (ножки) /Ифтэк/,Продукты,Мясо,146.53,0.5
с/м Ножки свиные,Продукты,Мясо,103.98,0.5
с/м Печень говяжья /Аргентина/,Продукты,Мясо,30.58,0.5
с/м Рагу свиное /ЧМК/,Продукты,Мясо,67.71,0.5
с/м Сердце говяжье /Аргентина/,Продукты,Мясо,285.36,0.5
с/м Сердце говяжье /Бразилия/,Продукты,Мясо,180.64,0.5
с/м Язык говяжий вес./Аргентина/,Продукты,Мясо,11.9,0.5
Фарш Говяжий лоток 400г /Рефть/,Продукты,Мясо,255.34,0.5
Фарш домашний 1кг (Добродел),Продукты,Мясо,290.31,0.5
Шашлык Добродел Куриный 2кг,Продукты,Мясо,7.44,0.5
Шашлык Добродел свинина 2кг,Продукты,Мясо,52.92,0.5
Зам.Грибы маховик 1/10кг,Продукты,Заморозка,12.73,0.1
зам.Кукуруза в початках вес 1/9кг Китай,Продукты,Заморозка,147.41,0.1
"Зам.Купаты куриные, лоток /Челябинск/",Продукты,Заморозка,72.76,0.1
"Зам.Люля-кебаб, лоток /Челябинск/",Продукты,Заморозка,119.46,0.1
Зам.Наггетсы лоток 350г /Челябинск/,Продукты,Заморозка,58.5,0.1
Зам.Ягоды БРУСНИКА 10кг /Россия/,Продукты,Заморозка,195.17,0.1
Зам.Ягоды ВИШНЯ 10кг /Китай/,Продукты,Заморозка,16.38,0.1
Зам.Ягоды КЛЮКВА 10кг /Китай/,Продукты,Заморозка,148.12,0.1
Зам.Ягоды КЛЮКВА 10кг /Россия/,Продукты,Заморозка,72.46,0.1
Тесто слоеное б/дрож. 500г/10шт пласт. ТМ Царь,Продукты,Тесто,40.97,0
"Крабовые палочки, креветки",Продукты,Рыба,75.64,0.4
Крабовое мясо Крабочки 200гр/30шт,Продукты,Рыба,147,0.4
Крабовые палочки Крабочки 100г/60шт,Продукты,Рыба,117.55,0.4
Крабовые палочки Крабочки 200г/35шт,Продукты,Рыба,145.44,0.4
Крабовые палочки Мор.замок 100г/72шт,Продукты,Рыба,147.7,0.4
Крабовые палочки Мор.замок 200гр/36шт,Продукты,Рыба,16.25,0.4
Крабовые палочки Санта-Бремор 200г/30шт. эконом,Продукты,Рыба,156.11,0.4
Креветки 70-90 вес. 5кг,Продукты,Рыба,73.81,0.4
с/м Филе горбуши н/ш 1/12кг.,Продукты,Рыба,149.92,0.4
с/м Филе минтая б/ш  1/10,Продукты,Рыба,72.66,0.4
с/м Филе пангасиуса 1/10,Продукты,Рыба,146.39,0.4
с/м Филе тилапии б/ш 3-5 1/10,Продукты,Рыба,50.47,0.4
с/м Филе хека н/ш 1/10 Китай,Продукты,Рыба,193.95,0.4
С/морож. Рыба и морепродукты ,Продукты,Рыба,13.15,0.4
с/м Брюшки лосося 1-3 1/20кг Россия,Продукты,Рыба,196.76,0.4
с/м Горбуша ПСГ 1/20кг,Продукты,Рыба,60.25,0.4
с/м Горбуша ПСГ 1/22кг,Продукты,Рыба,118.47,0.4
с/м Горбуша ПСГ 1/30кг,Продукты,Рыба,191.83,0.4
с/м Кальмар тушка 1/17кг,Продукты,Рыба,37.3,0.4
с/м Кальмар тушка 1/18кг,Продукты,Рыба,69.68,0.4
с/м Кальмар тушка 1/20кг,Продукты,Рыба,89.02,0.4
с/м Кальмар тушка 1/22кг,Продукты,Рыба,186.89,0.4
с/м Кальмар тушка 1/25кг,Продукты,Рыба,143.86,0.4
с/м Камбала б/б н/р 21-25 1/20кг,Продукты,Рыба,25.65,0.4
с/м Камбала б/г 1/22кг,Продукты,Рыба,152.63,0.4
с/м Камбала б/г 20+ 1/20кг,Продукты,Рыба,144.94,0.4
с/м Камбала н/р 1/18кг,Продукты,Рыба,115.76,0.4
с/м Камбала н/р 1/22кг,Продукты,Рыба,181.24,0.4
с/м Камбала н/р 3S (150-250) 1/18кг,Продукты,Рыба,18.88,0.4
с/м Камбала н/р L 1/20,Продукты,Рыба,81.21,0.4
с/м Камбала н/р S 1/22,Продукты,Рыба,141.3,0.4
с/м Камбала н/р б/б М 1/20,Продукты,Рыба,60.23,0.4
с/м Камбала н/р ж/п 1/18кг,Продукты,Рыба,67.69,0.4
с/м Камбала н/р ж/п L 1/20кг,Продукты,Рыба,183.79,0.4
с/м Кета б/г 1/22кг.,Продукты,Рыба,41.77,0.4
с/м Кета б/г L 1/23кг.,Продукты,Рыба,6.04,0.4
с/м Кета б/г М 1/23кг.,Продукты,Рыба,149.46,0.4
с/м Кета псг 1/22кг.,Продукты,Рыба,1.67,0.4
с/м Килька балтийская 1/30кг.,Продукты,Рыба,189.39,0.4
с/м Минтай 1/10кг,Продукты,Рыба,81.59,0.4
с/м Минтай 1/22кг,Продукты,Рыба,46.64,0.4
с/м Минтай 1/24кг,Продукты,Рыба,122.81,0.4
с/м Минтай б/г L (30+) 1/20кг,Продукты,Рыба,80.27,0.4
с/м Минтай б/г L 1/25,Продукты,Рыба,196.06,0.4
с/м Минтай б/г М (25+) 1/20кг,Продукты,Рыба,36.56,0.4
с/м Минтай б/г М (25+) 1/22кг,Продукты,Рыба,162.09,0.4
с/м Минтай б/г М (25+) 1/24кг,Продукты,Рыба,79.11,0.4
с/м Мойва 1/10кг фас.,Продукты,Рыба,3.68,0.4
с/м Мойва 1/22кг,Продукты,Рыба,112.5,0.4
с/м Мойва 1/24кг,Продукты,Рыба,116.94,0.4
с/м Мойва 1/25кг,Продукты,Рыба,36.59,0.4
с/м Мойва 35-45 1/19кг,Продукты,Рыба,178.86,0.4
с/м Мойва 40-50 1/19кг,Продукты,Рыба,96.05,0.4
с/м Нерка б/г 1/20кг,Продукты,Рыба,1.29,0.4
с/м Окунь б/г 200-300 1/26кг,Продукты,Рыба,115.38,0.4
с/м Окунь б/г 300-500 1/18кг,Продукты,Рыба,155.59,0.4
с/м Пикша б/г 1-2кг 1/30кг,Продукты,Рыба,102.71,0.4
с/м Путассу 1/30кг,Продукты,Рыба,190.56,0.4
с/м Путассу 21+ 1/33кг,Продукты,Рыба,119.71,0.4
с/м Сельдь 350+ 1/23кг,Продукты,Рыба,140.38,0.4
с/м Сельдь т/о 29+ 1/20,Продукты,Рыба,72.47,0.4
с/м Сельдь т/о М (25+) 1/20кг,Продукты,Рыба,47.06,0.4
с/м Скумбрия 1/20кг,Продукты,Рыба,112.71,0.4
с/м Скумбрия 1/30кг,Продукты,Рыба,19.53,0.4
с/м Скумбрия н/р 300-500 1/25кг,Продукты,Рыба,18.8,0.4
с/м Терпуг 1/18кг,Продукты,Рыба,9,0.4
с/м Терпуг н/р 2L 1/18кг,Продукты,Рыба,142.78,0.4
с/м Терпуг н/р М 1/18,Продукты,Рыба,120.66,0.4
с/м Треска 1/24кг,Продукты,Рыба,161.31,0.4
с/м Треска б/г 1-2кг 1/30кг,Продукты,Рыба,167.39,0.4
с/м Тюлька н/р инд.вес,Продукты,Рыба,93.3,0.4
с/м Форель псг 300-400 1/10кг,Продукты,Рыба,60.65,0.4
с/м Хамса н/р 1/22кг Крым,Продукты,Рыба,75.18,0.4
с/м Хек тушка 300-500 1/15кг Китай,Продукты,Рыба,140.75,0.4
с/м Щука н/р 1/20кг,Продукты,Рыба,138.62,0.4
Яйцо С1,Продукты,Яйцо,75.56,0.5
Яйцо С2,Продукты,Яйцо,30.32,0.5
